Model,Time,accuracy,f1,mcc,auc_roc,auc_pr
SVM_RBF,4853.393351078033,0.783623055809698,0.7855725932631926,0.5342634400707758,0.8400023776873398,0.7538876579427262
SVM_Poly,3651.3914959430695,0.7849954254345837,0.7855665558164847,0.5292443092562836,0.8447167418679407,0.7629846438429729
SVM_Sigmoid,2656.4869899749756,0.7817932296431839,0.7825878969872001,0.5233218205434641,0.8353986036155594,0.750630450413778
LinearSVM,119.65194702148438,0.7813357731015553,0.7830179276307767,0.5274132146174985,0.8486426907310743,0.7678659947289099
